	sentiment	review
3458	1	We store data for as long as it is necessary to provide our Games and products to you and others, including those described above. Information associated with your account will be kept until your account is deleted, unless we no longer need the data to provide products and services.
5439	0	Camel Games will not knowingly collect personally identifiable information from any person under the age of 13. Camel Games encourages parents to instruct their children to never give out personal information when online. Parents who are concerned about the transfer of personal information from their children may contact us.
1881	1	Uber may also retain certain information if necessary for its legitimate business interests, such as fraud prevention and enhancing users' safety and security. For example, if Uber shuts down a user's account because of unsafe behavior or security incidents, Uber may retain certain information about that account to prevent that user from opening a new Uber account in the future.
464	1	We retain your Personal Data as long as we have an ongoing legitimate business need to do so for example to provide services or products to you, or as required or permitted by applicable laws, such as tax and accounting laws.
1078	0	We may use your email address to contact you about your experience with the Site and notify you about Mobirate news and promotions.  Your gender and birthday may be used to analyze user trends and target certain promotions. 
1422	1	We take measures to delete your Personal Information or keep it in a form that does not allow you to be identified when this information is no longer necessary for the purposes for which we process it, unless we are required by law to keep this information for a longer period. When determining the retention period, we take into account various criteria, such as the type of products and services requested by or provided to you, the nature and length of our relationship with you, possible re-enrollment with our products or services, the impact on the services we provide to you if we delete some information from or about you, mandatory retention periods provided by law and the statute of limitations.
657	0	We do not include any ads and we do not sell any information (personal or other); we do not engage in tracking personal information, nor do we provide personal information to third-party software providers as detailed in our Privacy Policy.
1874	1	7.3. We may remove your account, or the information you post as provided by the Terms.
4197	1	Our correspondence with our support team will be kept longer so that we can use it for any subsequent requests that may arise. Such correspondence deleted after 3 years in the absence of requests.
9	1	We will store your personal data for as long as it is reasonably necessary for achieving the purposes set forth in this Privacy Policy (including providing the Service to you), which includes (but is not limited to) the period during which you have an account with the App. We will also retain and use your personal data as necessary to comply with our legal obligations, resolve disputes, and enforce our agreements.
228	0	Does the Application collect precise real time location information of the device?
5087	1	We will hold your personal information on our systems for as long as is necessary for the relevant service, or as otherwise described in this Privacy Policy.
2501	0	Verify your identity.
3804	1	We will retain your personal information for the purpose for which it was collected to provide you with Services. We may retain your personal information even after you have closed your account with us or we have ceased providing Services to you, if retention of your personal information is reasonably necessary to comply with our legal obligations, meet regulatory requirements, resolve disputes, prevent fraud, cheating or abuse, or enforce this Privacy Policy or any other agreement we may have with a user.
580	1	Information you have shared with others (e.g. through comments or other posts) will remain visible after you close your account or delete the information from your own account, and we do not control data that other users copied out of our Services.
1005	1	Duration of retention: five years
4205	1	Uber retains transaction, location, usage and other information for 7 years in connection with regulatory, tax, insurance or other requirements in the places in which it operates. Uber thereafter deletes or anonymizes such information in accordance with applicable laws.
651	0	Trip.com will modify this Privacy Statement when necessary. Please understand that we may revise this Privacy Statement at times as we consider appropriate. We will note the date of the latest update of this Privacy Statement and the update will take effect when it is published. Without your explicit consent, Trip.com will not reduce your rights under this Privacy Statement. Trip.com will prominently post major changes made (for example, for changes concerning certain services, we will inform you via email of the specific changes in the Privacy Statement). Therefore, you should review this Privacy Statement periodically to keep up with our most current policies.
2237	1	We will also retain Usage Information for internal analysis purposes. Usage Information is generally retained for a shorter period of time, except when this data is used to improve the functionality of our Services, or we are legally obligated to retain this data for longer time periods.
153	0	Sharing with other Data Controllers
2331	0	6. Right to data portability: you can request a copy of your data in a machine-readable form that can be transferred to another provider.
3182	0	We may use analytics providers to help us understand the use of our services. These providers will collect the information sent by your mobile device or browser, and their use of that information is governed by their applicable privacy policy.
3948	0	Phone: 1(800) 341-6691
1778	0	For more information about A Thinking Ape, please see our Website at athinkingape.com.
5347	0	- contact you to promote our Websites/Apps, contests and any specials we may offer; 
2701	1	When we have no ongoing legitimate business need to process your personal information, we will either delete or de-identify it, or, if this is not possible, for example, because your personal information has been stored on a backup server, then we will securely store your personal information and isolate it from any further processing until deletion is possible.
3693	1	We retain your Personal Data as long as needed to provide services or products to you, or as required or permitted by applicable laws, such as tax and accounting laws.
2104	0	"Bgcupid respect the privacy of users and to develop privacy policies to protect your privacy. Privacy policy include: user case Bgcupid, we collect information, how to use this information and share this information with anyone. When you use our web site or service, or business transaction with us, we recommend that you carefully read the ""Privacy Policy."" By using our website, indicates that you have accepted the provisions of the confidentiality agreement. Bgcupid online privacy very seriously. If you have any questions about this privacy policy, please contact us."
4458	1	Duration of retention: six months
4022	0	By using the Service, you are expressing your agreement to this Policy and the processing of your data, including your personal information, in the manner provided in this Policy. If you do not agree to these terms, please do not use the Service.
4227	0	If you have additional questions about SayGames's privacy practices related to children under the applicable minimum age, please contact us at info@saygames.by.
2394	0	Some of the content that you see displayed on Medium is not hosted by Medium. These “embeds” are hosted by a third-party and embedded in a Medium page, so that it appears to be part of that page. For example: YouTube or Vimeo videos, Imgur or Giphy gifs, SoundCloud audio files, Twitter tweets, GitHub code snippets, or Scribd documents that appear within a Medium post. These files send data to the hosted site just as if you were visiting that site directly (for example, when you load a Medium post page with a YouTube video embedded in it, that video appears because of a pointer to files hosted by YouTube, and in turn YouTube receives data about your activity, such as your IP address and how much of the video you watch).
1913	0	IP address and device identifiers (such as your device ID, advertising ID, MAC address, IMEI)
2381	1	7.1. We will retain your personal information for as long as required to perform the purposes for which the data was collected depending on the legal basis for which that data was obtained and/or whether additional legal/regulatory obligations mandate that we retain your personal information during the term that is required and/or permissible under applicable/relevant law.
2085	0	Please note that certain features of the Services may be able to connect to your social networking sites to obtain additional information about you. In such cases, Eyewind may be able to collect certain information from your social networking profile when your social networking site permits it, and when you consent to allow your social networking site to make that information available to Eyewind. This information may include, but is not limited to, your name, profile picture, gender, user ID, email address, your country, your language, your time zone, the organizations and links on your profile page, the names and profile pictures of your social networking site “friends” and other information you have included in your social networking site profile. Eyewind may associate and/or combine as well as use information collected by Eyewind and/or obtained through such social networking sites in accordance with this Privacy Policy.
5193	0	This Privacy Policy applies only to personal information submitted and collected through the Services. By installing, using, registering to or otherwise accessing the Services, you are accepting the practices described in this Privacy Policy. If you do not agree to this Privacy Policy, please do not install, use, register to or otherwise access the Services. Codigames reserves the right to modify this Privacy Policy at reasonable times, so please review it frequently. Your continued used of the Services will signify your acceptance to the changes to this Privacy Policy.
3544	1	In order to provide the Service, the Information that we collect from you may be transferred to and stored at a destination outside of your country and the European Economic Area (“EEA”), and, in particular, the United States. It may also be processed by any service providers appointed by us who operate outside of the EEA and their staff. By submitting your data, you agree to this transfer, storing or processing outside of the EEA or your country and acknowledge that not all countries guarantee the same level of protection for your Information as the one in which you reside. Data transferred will be treated in accordance with this Policy and, where applicable, the EU General Data Protection Regulation.
2444	0	This policy also applies to those who provide information to Uber in connection with an application to use our services, or whose information Uber otherwise receives in connection with its services (such as contact information of individuals associated with UberEats restaurant partners). All those subject to this policy are referred to as “users” for purposes of this policy.
2186	1	We will try to limit the storage of your personal information to the time necessary to serve the purpose(s) for which your personal information was processed, to enforce our agreement, policies or terms, to resolve disputes, or as otherwise required or permitted by law. Please contact us if you have any questions about our retention periods. While retention requirements can vary by country, we generally apply the retention periods noted below.
5260	1	Green Panda Games retains your personal data for as long as needed to provide you Services, unless we are required by law to delete or if Green Panda Games accepts your request to delete the information. We will also retain and use your personal data as necessary to comply with our legal obligations, resolve disputes, and enforce our agreements.
1735	0	the personal data have been unlawfully processed or
1763	0	the recipients or categories of recipient to whom the personal data have been or will be disclosed
1250	0	4.4. An advertiser or maker of recommendations may also choose to upload a list of identifiers (e.g., emails, phone numbers) to our systems so that we (but not the adviser or maker of recommendations) can check for user matches. They will see the number of matches but not the matches themselves.
752	0	These Services do not address anyone under the age of 13. We do not knowingly collect personally identifiable information from children under 13. In the case we discover that a child under 13 has provided us with personal information, we immediately delete this from our servers. If you are a parent or guardian and you are aware that your child has provided us with personal information, please contact us so that we will be able to do necessary actions.
4929	0	CXZH.LTD complies with international information criterion to protect your personal information. These measures include some technical and programmed steps that can protect your data against misuse, illegal access, disclosure, losing, modification or destruction. We use security socket layer (SSL) to transmit credit card and your or your child’s geo location information. We follow generally accepted industry standards to protect the personal information submitted to us, both during transmission and once we receive it. No method of transmission over the Internet, or method of electronic storage, is 100% secure, however. Therefore, we cannot guarantee its absolute security.
124	1	Your personal data are deleted or anonymized as soon as it no longer serves one of the above mentioned purposes and in any event no later than three (3) years after your interaction with Alexadra Games has ceased.
4232	0	We are committed to protecting the privacy of all people who use our services. Being a New Zealand company, we comply with New Zealand’s Privacy Act 1993 (“Privacy Act”) and follow the privacy principles that are a part of the Privacy Act. Additionally, we seek to comply with acts from the United States of America, which are: COPPA, the United State’s Children’s Online Privacy Protection Act, and CAN-SPAM, which covers the transmission of commercial email messages with the primary purpose of advertising or promoting a product. For Individuals located in the EU, we also seek to follow the EU General Data Protection Regulation (“GDPR”). For purposes of this Privacy Policy Notice and GDPR, PikPok is the data Controller with regard to any data we collect from you, unless otherwise specified.
821	0	When you visit our websites
475	1	5.4 By submitting your personal information to us, you agree that we may retain your information for as long as is necessary (up to 5 years) to fulfill any of the services we provide or to comply with applicable legislation, regulatory requests and relevant orders from competent courts.
3993	1	We will retain your information for the period necessary for us to provide you with our Services. Accordingly, your information will be retained up to 3 years following the last game session in any of our games. Where it is no longer necessary for us to process your information, we will delete it. Please note, however, that we may be subject to legal and regulatory requirements to keep personal data for a longer period, in particular pursuant to any applicable statutory limitation period.
1950	1	"User name: If you need to use ""ICBC Mobile Banking"" services, when you select to remember user name, we will keep your user name, and will delete corresponding information within a time limit required by laws and regulations after you cancel the services."
4136	1	We retain your Personal Data as long as we have an ongoing legitimate business need to do so for example to provide services or products to you, or as required or permitted by applicable laws, such as tax and accounting laws. When we have no ongoing legitimate business need to process your Personal Data, we will either delete or anonymise it or, if this is not possible (for example, because your Personal Data has been stored in backup archives), then we will securely store your Personal Data and isolate it from any further processing until deletion is possible.
2881	0	The purposes of the technical information are (i) to operate and update the Software and the Services and provide you with existing and new functionality and features; (ii) to improve and customize the Software and the Services; (iii) to provide you personalized content, including through the delivery of targeted interest-based advertisements from us or our partners; (iv) to maintain and improve the quality and operation of the Software and the Services; and/or (v) to notify you of Software and Services updates.
399	1	How Long Do We Retain Your Personal Data?  We retain Personal Data about you as long as you have an open account with us and for 3 months after you close your account.  In some cases, we retain Personal Data for longer, if doing so is necessary to comply with our legal obligations, resolve disputes or collect fees owed, or is otherwise permitted or required by applicable law, rule or regulation. Afterwards, we retain some information in a depersonalized or aggregated form but not in a way that would identify you personally.
1305	0	We share the information collected and who
3128	1	Following termination or deactivation of your User account, Canva may retain your profile information and User Content for a commercially reasonable time, and for as long as we have a valid purpose to do so. In particular, Canva may retain your information for the purpose of comply with its legal and audit obligations, and for backup and archival purposes.
3732	1	We will store your Personal data for the period of execution of the contract between you and us. We will be however entitled to store your data after termination of the contract for the period prescribed in law (e.g. tax regulations). Of course, if we collect and process your personal data on your consent, we can do this as long as the contract between us is valid or until you withdraw your consent.
5140	0	Beginning May 25, 2018, the processing of personal data of users in the European Union is subject to the EU General Data Protection Regulation ('GDPR'). This section provides information as relates to EU users' rights, and Uber's responsibilities, under this regulation.
3596	0	This Privacy Policy should be read alongside, and in addition to, our Terms and conditions ( at https://legal.my.com) (Terms) and our Cookie Policy (accessible online at https://legal.my.com/us/general/cookie).
3677	0	To personalise our communication with you, including to:handle your subscription to, and opting-out of, our newsletters
2622	0	Where Adobe Ireland transfers your personal information to the United Kingdom or a country which is not within the EEA and is not subject to an adequacy decision by the EU Commission, we rely on one or more of the following legal mechanisms: EU-U.S. Privacy Shield, Swiss-U.S. Privacy Shield, European Commission approved Standard Contractual Clauses, and your consent in certain circumstances. A copy of the relevant mechanism can be provided for your review upon request, using the contact details provided at the end of this Privacy Policy. For more information about the certification of Adobe U.S. to the EU-U.S. Privacy Shield, including the scope of our certification, please see Privacy Shield/European data transfers.
1739	0	You as the data subject have the following rights relating to the processing of Your personal data:Right of access (right to obtain from Nekki Limited as the controller confirmation as to whether Your personal data are being processed and other information concerning Your personal data, including information about the purposes of processing, the categories of processed personal data, the categories of recipients of Your personal data, the period of personal data storage, the existence of automated decision-making, including profiling, in respect of Your personal data); Right to lodge a complaint with a supervisory authority (a supervisory authority is a state authority in your country which supervises the compliance with GDPR by legal and natural persons that process personal data of data subjects);Right to rectification (right to the rectification of inaccurate personal data concerning You) in accordance with Section 10 Privacy Policy;Right to erasure (right to obtain the erasure of personal data concerning You) in accordance with Section 10 Privacy Policy; Right to restriction of processing (right to obtain from Nekki Limited as the controller restriction of processing on the legal grounds provided in Art.18 GDPR(for example, when the accuracy of the personal data is contested by You or We no longer needs the personal data for the purposes of the processing)); Right to data portability (the right to receive the personal data concerning You, which You has provided to Nekki Limited as the controller, in a structured, commonly used and machine-readable format, and the right to transmit those data to another controller without hindrance from Nekki Limited to which the personal data have been provided);Right to object (right to object, on grounds relating to Your particular situation, at any time to processing of personal data concerning You, including the right to object at any time to processing of personal data concerning You for marketing purposes);Right not to be subject to a decision based solely on automated processing, including profiling; Right to file the request or complaint to Nekki Limited as the controller of Your personal data
4209	0	When you use features that add a mask or other effects to your face when using the Service, we collect facial tracking and mapping information from you using the camera on your device.
2124	1	Information such as billing information, IP addresses, mobile numbers and e-mail addresses is retained to combat fraud and spam as long as it is relevant. Usually this period is determined by the period of validity of the method of payment.
5384	0	Providing you with the Service: We use the information that you provide us to provide the Service to you. This includes allowing you to log in to Canva, operating and maintaining the Service, giving you access to your designs and billing you for transactions that you make via the Service. We also use information we collect about you automatically to remember information about you so that you will not have to re-enter it during your visit or the next time you visit the site
1135	0	The Services contain links to third party websites and applications. When you click on a link to any other website or location, you will leave the Site and go to another site and another entity may collect Personal Data, Anonymous Data, and/or Aggregated Data from you. We have no control over, do not review, and cannot be responsible for, these outside websites or their content. We are not responsible for the privacy practices or the content of such websites or applications. You may wish to review the privacy policies of those websites and applications before use. The links to such websites or locations are for your convenience and do not signify our endorsement of such third parties or their products, content or websites.
3469	1	We retain your personal information for as long as necessary to provide the Services you have requested, or for other essential purposes such as complying with our legal obligations, resolving disputes, and enforcing our terms of use, end user license agreements, and other contracts in place with third parties, including but not limited to our third party service providers and independent data controllers. Upon your request to remove your data, we will do our best to remove such data immediately, and in no event will we retain any data requested for removal more than thirty (30) business days after the date of the request.
208	1	How long do we retain your data for? As long as necessary for the purpose for which the data was originally collected. As detailed below, depending on where you live you may have certain legal rights to object to our collection and use of your data, but this may mean some or all Nordeus Services become unavailable to you. We also reserve the right to retain your information as necessary to comply with our legal obligations, resolve disputes, maintain appropriate business records, and enforce our agreements.
4320	1	Data retention periods for other Processors are indicated by the links above.
861	0	3.2. Your E-mail Address
3202	0	We also provide information and content to research partners and academics to conduct research that advances scholarship and innovation that support our business or mission, and enhances discovery and innovation on topics of general social welfare, technological advancement, public interest, health and well-being.
2663	1	We store your Data as long as you are a registered user of the Services. Where we retain information for Service improvement and development during your membership, we take steps to eliminate information that directly identifies you and we only use the information to uncover collective insights about the use of our Services, not to specifically analyze personal details about you.
5280	0	Information collected through the Game
726	0	These Services do not address anyone under the age of 13. We do not knowingly collect personally identifiable information from children under 13. In the case we discover that a child under 13 has provided us with personal information, we immediately delete this from our servers. If you are a parent or guardian and you are aware that your child has provided us with personal information, please contact us so that we will be able to do necessary actions.
738	0	the necessity for the performance of contract fulfillment pursuant para 1 subpara. b GDPR, as your Data is needed for a satisfactory use of the Services; and/or
3742	0	When you use these social networking platforms and plugins, your username and password for the services and other information available about you or collected from you on these services may be shared with us. When you use social networking platforms and plugins, you share your information with them and their privacy policy applies to their collection, use, and disclosure of such information. In addition, they may be able to collect information about you, including your activity on our Services, and they may notify your connections on the social networking platform about your use of our Services. Such third party services may also employ unique identifiers which allow your activity to be monitored across multiple websites for purposes of delivering more targeted advertising to you. For more information about Facebook Connect, please visit http://www.facebook.com/help/405977429438260/. Please note that its privacy policy may be different from our own and we encourage you to read it.
1911	0	Our address is:  278, hungDuk gu Saunro, Cheong-Ju City, South Korea
1249	1	● Activity Data.We may store any information about your interactions on our Services or any content created, posted or shared by you on our Services (e.g. videos, comments, support tickets, and other content) indefinitely after the closure your account for the establishment or defense of legal claims, audit and crime prevention purposes.
4649	0	4.3. Our ad management and recommendation system is designed so that your information will not be shared directly with our third party advertisers. An advertiser or maker of a recommendation can only choose to target advertisements to groups of users falling within criteria such as age group, gender or broad location (country, city). If you fall within one of the target groups you will receive an advert or recommendation.
4293	1	5.2 The data that we collect from you may be transferred to, and stored at, a destination outside the European Economic Area (EEA). It may also be processed by staff operating outside the EEA who work for us, one of our associated companies or a third party engaged by us. By submitting your personal information to us, you agree to such transfer, storing or processing. We will take all steps reasonably necessary to ensure that your personal information is treated securely at all times and in accordance with this Privacy Policy.
1150	0	You have the right to have inaccurate personal data rectified, see Article 16 of the GDPR.
4342	0	When you delete the information from our services, we may not immediately delete the corresponding information in the backup system, but will delete such information when the backup is updated.
4769	1	How long we keep your User Content
823	1	Users may request deletion of their accounts at any time. Following such request, Uber deletes the information that it is not required to retain, and restricts access to or use of any information it is required to retain.
5124	1	We retain personal information we collect from you where we have an ongoing legitimate business need to do so. For example, to provide you with a Service you have requested, or to comply with applicable legal, tax or accounting requirements. We will for example periodically de-identify unused game accounts and we regularly review and delete unnecessary data.
3786	1	Imo retains the personal information we receive as described in this Privacy Policy for as long as you use our Services or as necessary to fulfill the purpose(s) for which it was collected, provide our Services, resolve disputes, establish legal defenses, conduct audits, pursue legitimate business purposes, enforce our agreements, and comply with applicable laws.
3301	1	All data that is collected will be stored only as long as is necessary to accomplish the purpose for which it is collected, or as long as is permitted or required by applicable law. Periodically, Overmobile will review its data processing systems to determine whether or not the purposes for the collection and processing of User’s data remain valid. That determination will be based on factors that include, but are not limited to, whether or not you are still in contact with Overmobile, whether or not any requests made by User from Overmobile have been fulfilled (including any follow-up tasks), whether or not there is a contractual relationship between User and Overmobile, and whether or not there is a contractual or legal basis for continuing to retain User’s data. Based on that review and any notifications received from data subjects, Overmobile will update its systems.
3433	1	We retain the information we collect as described in this Privacy Policy for as necessary for the provision of the Services, internal analytical purposes, or to comply with its legal obligations, resolve disputes and enforce agreements (e.g. settlement). The criteria used to determine the retention periods include: (1) how long the personal data is needed to provide the Services and operate the business; (2) the type of personal data collected; and (3) whether we are subject to a legal, contractual or similar obligation to retain the data (e.g., mandatory data retention laws, government orders to preserve data relevant to an investigation, or data that must be retained for the purposes of litigation or disputes). We will only keep your personal information for three (3) years.
2282	1	Uber retains user profile and other information for as long as you maintain your Uber account.
3545	0	Device Information. We collect device-specific information, such as the hardware model, operating system version, advertising identifier, unique application identifiers, unique device identifiers, browser type, language, wireless network, none direct display of content moderation, and mobile network information (including the mobile phone number).
2489	0	"Alibaba.com (the ""Platform"") is a B2B platform which connects and facilitates sales and purchases of products and/or services between suppliers (or ""Sellers"") and buyers (or ""Buyers""). The Platform is for business to business transactions and therefore is only made available for use by businesses and not for individual or personal use.  "
2771	0	We strive to provide guarantee for users' information security, so as to avoid information loss, improper use, and unauthorized access or disclosure.
288	1	We retain the information we collect as described in this Privacy Policy for as necessary for the provision of the Services, internal analytical purposes, or to comply with its legal obligations, resolve disputes and enforce agreements (e.g. settlement). The criteria used to determine the retention periods include: (i) how long the personal data is needed to provide the Services and operate the business; (ii) the type of personal data collected; and (iii) whether we are subject to a legal, contractual or similar obligation to retain the data (e.g., mandatory data retention laws, government orders to preserve data relevant to an investigation, or data that must be retained for the purposes of litigation or disputes). We will only keep your personal information for three (3) years.
3941	0	1.2 Information That Is Processed Automatically
2241	1	When we have no ongoing legitimate business need to process your personal information, we will either delete or anonymize it or, if this is not possible (for example, because your personal information has been stored in backup archives), then we will securely store your personal information and isolate it from any further processing until deletion is possible. 
1405	1	As stated above, we do not retain your IP address beyond your VPN session and do not log your online activities.
2640	1	Your Personal Data collected through our Services will be deleted when they no longer serve one of the above-mentioned purposes but in any event your Personal Data will be deleted after 14 months of inactivity in your use of our Services. Once we have deleted your Personal Data, you will not be able to exercise the right to access, the right to erasure, the right to rectification or the right to data portability.
813	1	"Generally, we only keep your user information for a period necessary for realizing customer services, e.g.:User account picture: If you need to use ""ICBC Mobile Banking"" services, we will keep the account picture uploaded by you, and will delete corresponding information within a time limit required by laws and regulations after you cancel the services."
703	1	Your information collected through the Service may be stored and processed in the Turkey or any other country in which Reports+, its Affiliates or Service Providers maintain facilities. Reports+, its Affiliates, or Service Providers may transfer information that we collect about you, including personal information across borders and from your country or jurisdiction to other countries or jurisdictions around the world.
2103	1	7.3. We may remove your account, or the information you post as provided by the Terms.
3140	1	Storing might be different depending on the territory of collecting the information and the applicable legislation, but we always strive to store the information only as long as it is needed for the purposes of providing, improving or personalizing our services.
2644	0	To the extent you are a User of these Services without a registered account, such requests may be made, but Camsurf reserves discretion to determine the manner in which such requests may be handled, certain opt-out provisions that may not be available to unregistered Users may be accomplished by discontinuing use of these Services.
1489	0	Our website uses cookies and similar technologies to make the site work and improve your user experience. By using this website, you consent to the use of cookies. Read our updated Cookie Policy to learn more.
3443	0	Your personal information and files are stored on Adobe’s servers and the servers of companies we hire to provide services to us.
1544	1	In case of suspension of our products or services, we will inform you by notice, announcement, etc., and will delete your user information or make it anonymous within a reasonable time limit according to relevant laws and regulations.
3846	1	Medium retains personal data associated with your account for the lifetime of your account. If you would like to delete your personal information, you can delete your account at any time. Deleted account profile pages will yield an error 404 “file not found” page, immediately upon initiating deletion, and will become unrecoverable in our system after a period of fourteen days. It may take several additional days for your personal data to be de-indexed from search engines, depending on those search engines’ practices, over which Medium may have limited or no control.
4621	0	Welcome to the web site (the “Site”) of Chatous, Inc. (“Chatous” “we,” “us” and/or “our”). This Site is operated by Chatous and has been created to provide information about our company and our chat room platform, mobile applications and related services (together with the Site, the “Services”) to our Service visitors (“you”, “your”). Chatous is committed to protecting your privacy. This Privacy Policy details important information regarding the use and disclosure of information collected from visitors to the Site and Services, including personally identifiable data (“Personal Data”). By using Chatous, you expressly consent to the information handling practices described in this Privacy Policy.
1070	1	Also Your personal data, which was collecting during Your using of the web-site nekki.com, can be stored and proceeded by Us for the period of time, during which it is needed for marketing or advertising purposes, but in any case no longer than 5 (five) years from the date of first collection.
3652	0	You may enable/disable location sharing with your driver at any time through the Privacy Settings menu in the Uber app. You may use the Uber app if you have not enabled location sharing, but it may be more difficult for your driver to locate you.
3712	1	However, some data may still be stored for a certain time period if information is necessary to comply with legal obligation (taxation, accounting, audit) or in order to maintain safety and data backup settings, prevent fraud or other malicious acts.
1477	1	Grounds for retention: E-Commerce Act
3116	1	We will securely erase your information in advance of these deadlines if we decide that we no longer need it
1811	0	LIKE may contain links to a third-party website. We cannot control the behaviors of such third-party website
4371	0	I may employ third-party companies and individuals due to the following reasons:To facilitate our Service;To provide the Service on our behalf;To perform Service-related services; orTo assist us in analyzing how our Service is used.
565	1	5.4 By submitting your personal information to us, you agree that we may retain your information for as long as is necessary (up to 5 years) to fulfill any of the services we provide or to comply with applicable legislation, regulatory requests and relevant orders from competent courts.
3933	0	The Games may contain links to websites and microsites that are operated by third parties. If you click such links, you can be transferred to the websites and microsites of third parties. We do not control those websites and microsites and as such this Privacy Policy does not apply to those websites and microsites. Please consult the terms and conditions and privacy policies of those third party websites and microsites to find out how they collect and use Your personal data and to establish whether and for what purpose they use cookies
327	0	We may use the information we collect from you when you register, make a purchase, sign up for our newsletter, respond to a survey or marketing communication, surf the website, or use certain other site features in the following ways:• To allow us to better service you in responding to your customer service requests.
1846	1	We retain your information for as long as needed to provide the Nordeus Services to you or longer where permitted by law. 
3584	0	Consent. We may also disclose your information with your permission.
2953	1	YUMOBI TEKHNOLODZHI, OOO stores the personal data relating to the User for 1 (one) year after closing, termination of the Personal account or uninstalling the application. Upon termination of the mentioned term personal data relating to the User are subject to destruction or depersonalization to ensure anonymity of such information via deletion of the personal identifying information
671	1	We only keep your information for as long as is reasonably necessary for the purposes set out in this Privacy Policy and to fulfill our legal obligations.
4855	1	4. Data Retention
1941	1	We will retain Your information for the duration of Your membership of the Games and/or whilst you continue to have access to the Games and for a reasonable period thereafter or as long as the law requires or permits. Your personal information will be deleted when You explicitly gives up the Games usage namely request your account deletion or request Us to delete Your personal data. If you send us such requests, We will delete your personal data as soon as technically possible. The period process of erasing personal data can take up to one month. Considering the complexity and number of requests, this period may be extended by a further two months.
1290	0	We will process your information for the purposes of operating our Website, Games and other Services and communicating with you as necessary for those purposes and in our legitimate commercial interests, for instance, when responding to your queries, undertaking marketing activities, improving our Games, Website and other Services or for the purposes of detecting or preventing illegal activities.
2280	1	Records relating to payment settlement and supply of goods
2252	1	We will store your personal data for as long as it is reasonably necessary for achieving the purposes set forth in this Privacy Policy (including providing the Service to you), which includes (but is not limited to) the period during which you have an account with the App. We will also retain and use your personal data as necessary to comply with our legal obligations, resolve disputes, and enforce our agreements.
1191	0	Ad networks
5135	0	"We disclose information about you to the following categories of recipients based on the legal bases in Sections 6(1)(b), 6(1)(c) and 6(1)(f) of the GDPR (see a description of the legal bases above):Social networks, see more under ""Social Sharing features"";Third parties if we are required to disclose your personal data by applicable law, rule, regulation, legal process or in connection with, or during negotiations of, any merger, sale of company assets, financing or acquisition of all or a portion of our business by another company;The authorities if we believe your actions are inconsistent with the spirit or language of our policies or if the disclosure is necessary to protect the rights, property and safety of Kiloo or others;Other players in order to provide certain in-app features, such as leaderboards, if you log into the App using a third-party service, such as Facebook or Apple Game Center;Advertising network companies in order to serve contextual advertisements (the data include your IP-address, Device ID and advertising ID)."
1495	0	That means, except for the limited exceptions below, we do not collect any information transmitted through our network. More specifically, we do not collect any information regarding the websites you visit or the IP addresses assigned to you when you access the SuperVPN Private Network, and with respect to our VPN service, we do not collect any data stored on or transmitted from your device, including any data that applications on your device may transmit through our network.
4600	0	General. For the Apps on iOS and Android we use the services of Adjust GmbH (Saarbrücker Str. 37a, 10405 Berlin, Germany, “Adjust”). Purpose and Opt-Out. Adjust allows us to us to track and analyze which marketing channels or sources are producing the best results for directing users to download the Services and to help us understand how our users are using the Services. For this purpose Adjust processes mobile identifiers such as the Google Advertising ID (“GAID”) and the ID for Advertising for iOS (“IDFA”)or similar mobile identifiers. For more information on Adjust, see https://www.adjust.com/privacy-policy/, especially section 3. To opt out of tracking by Adjust please go https://www.adjust.com/forget-device/. The basis for the processing is Art 6 para 1 subpara f GDPR.
5467	0	Canva cares about the security of your information, and uses appropriate safeguards to preserve the integrity and security of all information collected through the Service. To protect your privacy and security, we take reasonable steps (such as requesting a unique password) to verify your identity before granting you access to your account. You are responsible for maintaining the secrecy of your unique password and account information, and for controlling access to your email communications from Canva, at all times. However, Canva cannot ensure or warrant the security of any information you transmit to Canva or guarantee that information on the Service may not be accessed, disclosed, altered, or destroyed. Your privacy settings may also be affected by changes to the functionality of third party sites and services that you add to the Canva Service, such as social networks. Canva is not responsible for the functionality or security measures of any third party.
4423	0	 posting photos
3172	1	The period of data storage Your data will be available to us as long as it is necessary to meet the objectives set out in our Privacy Policy, in particular, for the time of providing you with the Services or providing you with technical assistance. In the case of processing based on your consent, in the event of its withdrawal we will delete the data without undue delay, no longer than 30 days from the receipt of your request.
1840	0	For any other purposes that we specifically communicate to you when we collect that information with your consent, or for which we have a legitimate interest, such as direct marketing, individual or market research, or anti-fraud protection; and
1790	1	We will retain your Personal Data only for as long as is necessary for the purposes set out in this Privacy Policy. We will retain and use your Personal Data to the extent necessary to comply with our legal obligations (for example, if we are required to retain your data to comply with applicable laws), resolve disputes, and enforce our legal agreements and policies.
5383	0	When you send photos, videos or files via secret chats, before being uploaded, each item is encrypted with a separate key, not known to the server. This key and the file’s location are then encrypted again, this time with the secret chat’s key — and sent to your recipient. They can then download and decipher the file. This means that the file is technically on one of Telegram’s servers, but it looks like a piece of random indecipherable garbage to everyone except for you and the recipient. We don’t know what this random data stands for and we have no idea which particular chat it belongs to. We periodically purge this random data from our servers to save disk space.
1027	1	We generally retain your personal information for as long as is necessary for the performance of the contract between you and us and to comply with our legal obligations. If you no longer want us to use your information that we physically access and store, you can request that we erase your personal information and close your account.
274	0	When you make purchases in the Services, we process the following Data:country;credit card information; andsubscription status2.4
3210	0	For general marketing purposes, but only where you have provided your express and informed consent Consent
1829	1	SayGames will store your personal data for as long as necessary in order to provide you with the App or otherwise fulfil the purposes as described above, unless further storage is required in order to establish, exercise or defend a legal claim or to comply with applicable law, including accounting rules.
5320	0	Google uses the data on behalf of the website operator to evaluate your use of the website, to compile reports on website activity for the website operators and for other website activity and internet usage services. Google may disclose this information to third parties under the terms of the law or for further processing by third parties on behalf of Google
5283	1	How Long Do We Retain Your Personal Data? We retain Personal Data about you for as long as you have an open account with us and for up to 30 days after you close your account. In some cases we retain Personal Data for longer, if doing so is necessary to comply with our legal obligations, resolve disputes or collect fees owed, or is otherwise permitted or required by applicable law, rule or regulation. Afterwards, we retain some information in a depersonalized or aggregated form but not in a way that would identify you personally.
986	1	We retain your information for as long as your account is active or as needed to provide you Services.  We will also retain and use your information as necessary to comply with our legal obligations, resolve disputes, and enforce our agreements.
3184	0	All assets, real and personal rights, all rights for commercial information and know-how of the NUMBER FINDER including services, information, works subject to copyright, NUMBER FINDER trademarks, any type of material and intellectual property rights owned via trade dress or the mobile application are reserved.
4381	1	When we have no ongoing legitimate business need to process your personal information, we will either delete or anonymize it or, if this is not possible (for example, because your personal information has been stored in backup archives), then we will securely store your personal information and isolate it from any further processing until deletion is possible.
2784	0	We use your data to provide and improve the Service. By using the Service, you agree to the collection and use of information in accordance with this policy. Unless otherwise defined in this Privacy Policy, terms used in this Privacy Policy have the same meanings as in our Terms and Conditions.
3961	0	A. HOMER Learning Member Information
3589	0	Level Eight AB, a Swedish corporation, with registered and business offices at Östra Rådhusgatan 6, 903 26 Umeå, Sweden, (“Level Eight”) respects your privacy and provides you with this Privacy Policy (“Privacy Policy”) so that you may understand the ways in which we do and do not use the information you transmit when accessing and playing the Level Eight Game(s), accessing and using websites, platforms, software services and related services (hereinafter the “Game”). Please note that your access and/or playing of the Game constitutes your acceptance of this Privacy Policy as well as our Terms of Use.
5203	0	Only part of the above mentioned data qualifies as the personal data. Some of the data we collect do not allow us to identify you, and a collection of such data is not intended for identification of an user.
2264	0	We will only collect and process Information about you where we have lawful bases. Lawful bases include consent (where you have given consent), contract (where processing is necessary for the performance of a contract with you (e.g. to deliver the Services you have requested)) and “legitimate interests”.
2639	0	We do not knowingly collect or solicit personal information from or direct or target interest based advertising to anyone under the age of 13 or knowingly allow such persons to use our Services.  If you are under 13, please do not send any information about yourself to us, including your name, address, telephone number, or email address.  No one under the age of 13 may provide any personal information.  In the event that we learn that we have collected personal information from a child under age 13, we will delete that information as quickly as possible.  If you believe that we might have any information from or about a child under the age of 13, please contact us.
3940	0	Mimo applications for Android and iOS (“apps”), websites (“websites”), and related services (together with the apps and websites, the “services”) are operated by Mimohello GmbH, Schanzstraße 14/1.1, 1150 Vienna, Austria (thereafter “Mimo,” “us,” or “we”).
3300	0	Cookies can either be “session cookies” or “persistent cookies”. Session cookies are temporary cookies that are stored on your device while you are visiting our Website or using our Service, whereas “persistent cookies” are stored on your device for a period of time after you leave our Website or Service. We use persistent cookies on our website to store your preferences so that they are available for the next visit, and to keep a more accurate account of how often you visit our Services, and how your use of the Services varies over time. For more information on cookies, including how to control your cookie settings and preferences, visit http://ec.europa.eu/ipg/basics/legal/cookies/index_en.htm, https://ico.org.uk/for-the-public/online/cookies/ and http://www.allaboutcookies.org/.
4206	1	However, some information may still be stored for a certain time period if information is necessary to comply with legal obligation (taxation, accounting, audit) or in order to maintain safety and data backup settings, prevent fraud or other malicious acts.
5273	0	Please note that because a third party site manages the purchases of virtual goods offered by the Service, we do not have access to your credit card details and billing information.
2604	1	Aeria Canada Studio Inc. will retain your Personal Data only for as long as is necessary for the purposes set out in this Privacy Policy. We will retain and use your Personal Data to the extent necessary to comply with our legal obligations (for example, if we are required to retain your data to comply with applicable laws), resolve disputes, and enforce our legal agreements and policies.
3463	1	7.2. You may request to remove your account and data on our Services by contacting the Service support (see Section 10 for details).
403	1	Following such request, Uber deletes the information that it is not required to retain. In certain circumstances, Uber may be unable to delete your account, such as if there is an outstanding credit on your account or an unresolved claim or dispute. Upon resolution of the issue preventing deletion, Uber will delete your account as described above.
4794	1	Information requested by an investigative agency pursuant to a search and seizure warrant
3709	1	We retain your personal information as long as we have an ongoing legitimate business need to do so for example to provide services or products to you, or as required or permitted by applicable laws, such as tax and accounting laws.
3367	0	This privacy policy was last modified on Dec 20, 2018.
349	1	Unless stated otherwise in this Privacy Policy, the personal data that you provide us will only be stored for as long as it is necessary for us to fulfill our obligations in respect of the provision of the Services.
1317	1	5.3 Unfortunately, the transmission of information via the internet is not completely secure. Although we will do our best to protect your personal information, we cannot guarantee the security of your information transmitted to our Service and any transmission is at your own risk.
5120	0	Appodeal, Inc. https://www.appodeal.com/privacy-policy/
1151	1	Records relating to advertisement and labelling
4333	0	To comply with legal obligations
227	1	Finally—and this is important—you should understand that users who see the content you provide can always save it using any number of techniques: screenshots, in-app functionality, or any other image-capture technology. It’s also possible, as with any digital information, that someone might be able to access messages forensically or find them in a device’s temporary storage. If any deletion of user information of our App happens, we cannot promise that deletion will occur within a specific timeframe. And we may also retain certain information in backup for a limited period of time or as required by law.
4096	1	Uber requires user profile information in order to provide its services, and retains such information for as long you maintain your Uber account.
4028	1	Lima Sky retains the data collected pursuant to this Privacy Policy for the period necessary to fulfill the purposes outlined in this Privacy Policy unless a longer retention period is required or permitted by law. Thereafter if the collected data is no longer needed for purposes specified in this Privacy Policy, Lima Sky deletes all aforementioned data in its possession within a reasonable timeframe. 
5244	1	With respect to processing of Personal Data Level Eight is Data Controller. Level Eight shall (i) Not keep the Personal Data for longer than is necessary for the purposes of performing the Agreement unless further storage is required in order to establish, exercise or defend a legal claim or to comply with applicable law, including accounting rules; (ii) Store, process and use the Personal Data for the sole purpose of performing the Agreement; and (iii) Ensure that their employees and employees of their affiliates and subcontractors involved in the performance of the Agreement comply with the provisions of this agreement (iv) Implement all reasonable technical and organizational measures to protect your Personal Data against any accidental or unlawful destruction, accidental loss, unauthorized alteration, communication or access, (v) Where applicable report to you, upon its occurrence, any unauthorized access, disclosure, use, modification or destruction of  your Personal Data, (vi) Refrain from exporting or transferring  your Personal Data to any Third Country, and from collecting, using or Processing Personal Data within any Third Country, unless prior to the transfer we have ensured that an adequate level of protection of the Personal Data has been implemented in accordance with the terms and conditions stated in section 9 of this Agreement (International Data Transfers). Personal Data are deleted or anonymized as soon as it no longer serves one of the above mentioned purposes and in any event no later than three (3) years after your interaction with us has ended.
3042	1	Usually we do not store the technology information we collected, such information will be deleted automatically once you quit from the Software. If we retain the information we collect as described in this Privacy Policy, it is only for as necessary for the provision of the Services, internal analytical purposes, or to comply with its legal obligations, resolve disputes and enforce agreements (e.g. settlement). The criteria used to determine the retention periods include: (i) how long the personal data is needed to provide the Services and operate the business; (ii) the type of personal data collected; and (iii) whether we are subject to a legal, contractual or similar obligation to retain the data (e.g., mandatory data retention laws, government orders to preserve data relevant to an investigation, or data that must be retained for the purposes of litigation or disputes).
424	1	Data retention periods for other Processors are indicated by the links above.
3971	1	Anonymous information about activity on Topface persists longer for statistical data and marketing research, but it does not correlate with you after deleting the profile, that is, becomes anonymous. This is because Topface seeks to develop its services and opportunities for more convenient communication and this period is justified by our legitimate interest.
2810	0	In accordance with data protection laws, we will only process your information where we have a lawful basis for doing so. In respect of your information, these bases are: (i) where it is necessary to provide services to you under the performance of the contract we have with you; (ii) where we are required to do so in accordance with legal or regulatory obligations; (iii) where you have given your consent; and, (iv) where it is in our legitimate interests to process your information, provided that none of these prejudice your own rights, freedoms and interests.
1944	0	We communicate with you, for example, by push notifications. These may include reminders and motivational messages encouraging you to follow your training and nutrition plan, or other information about the App. As a result, you may, for example, receive a push notification every day at a particular time reminding you to work out. To opt out of receiving push notifications, you need to change the settings on your device.
2415	1	RETENTION PERIOD OF YOUR PERSONAL INFORMATION
2534	0	If we make material changes to how we use Personal Information collected from children under age 13, we will notify parents by email in order to obtain verifiable parental consent for the new uses of the child's Personal Information.
1080	0	For some tasks we use the help of service providers (e.g. tax advisors or analytics services) which we have chosen and instructed carefully, or other third parties. Some service providers are situated in the United States. Therefore, Data is transferred to third parties in third countries, all of which adhere to the EU-US privacy shield (see https://www.privacyshield.gov/welcome for more information):Auth0, Inc., 10900 NE 8th Street Suite 700, Bellevue, WA 98004, USA;Facebook, Inc., 1601 South California Avenue, Palo Alto, CA 94304, USA (“Facebook”);Google Inc., 1600 Amphitheatre Parkway, Mountain View, CA 94043, USA (“Google”);Mixpanel, Inc., 405 Howard St., Flr 2, San Francisco, CA 94105, USA (“Mixpanel”);Peaberry Software Inc., 921 SW Washington St, Suite #820, Portland, OR 97205, USA (“Peaberry”);Segment.io, Inc., 100 California Street, Suite 700, San Francisco, CA 94111, USA;Slack Technologies, Inc., 500 Howard Street, San Francisco, CA 94105, USA;Snap, Inc., 63 Market St., Venice, CA 90291, USA;Stripe Inc., 185 Berry Street, Suite 550, San Francisco, CA 94107, USA; andZendesk, Inc., 1019 Market Street, 6th Floor, San Francisco, CA 94103, USA.
2972	1	We will only keep your personal information for no longer than three (3) years unless otherwise required by applicable laws or regulations.
2409	0	To a potential or actual acquirer, successor, or assignee as part of any reorganization, merger, sale, joint venture, assignment, transfer or other disposition of all or any portion of our business, assets or stock (including in bankruptcy or similar proceedings).
1335	1	Uber retains certain information, including transaction, location, device and usage information, for a minimum of 7 years in connection with regulatory, tax, insurance and other requirements in the places in which it operates. Once such information is no longer necessary to provide Uber's services, enable customer support, enhance the user experience or other operational purposes, Uber takes steps to prevent access to or use of such information for any purpose other than compliance with these requirements or for purposes of safety, security and fraud prevention and detection.
1399	1	We will retain your information for as long as your account is active or as needed to provide you services. If you wish to cancel your account or request that we no longer use your information to provide you services, you may delete your account. We may retain and use your information as necessary to comply with our legal obligations, resolve disputes, and enforce our agreements. Consistent with these requirements, we will try to delete your information quickly upon request. Please note, however, that there might be latency in deleting information from our servers and backed-up versions might exist after deletion. In addition, we do not delete from our servers files that you have in common with other users.
1167	1	We generally retain your personal information for as long as is necessary for the performance of the contract between you and us and to comply with our legal obligations. If you no longer want us to use your information that we physically access and store, you can request that we erase your personal information and close your account.
3318	0	Details of transactions you carry out through our site and of the fulfillment of your orders.
3462	0	Updates to this Privacy Policy
5136	0	We may also share aggregate or anonymous information with third parties, including advertisers and investors. For example, we may tell our advertisers the number of users our Application receives. This information does not contain any personal or personally identifiable information and is used to develop contents and services that we hope you will find of interest.
4094	1	We retain personal information we collect from you where we have an ongoing legitimate business need to do so (for example, to provide you with a service you have requested or to comply with applicable legal, tax or accounting requirements).
3328	0	Access and Updates. We strive to let you access and control the personal information that we have about you. There are limits though to the requests we’ll accommodate. We may reject a request for a number of reasons, including, for example, that the request risks the privacy of other users or is unlawful. You can access and update your account information right in the app by visiting the app’s Settings page. If you need to access, update, or delete any other personal information that we may have, you can put in a request here. Because your privacy is important to us, we may ask you to verify your identity or provide additional information before we let you access or update your personal information. You can also remove our service from your mobile device or process account deletion.
1859	0	service providers for advertisement services,
1717	0	If you have consented to our use of your information you may withdraw that consent at any time. Depending on the situation you can either withdraw your consent by emailing community@canva.com, or through your account settings page. Where we are using your information because of a legitimate interest to do so, you have the right to object to that use. However, if you do so it may mean that it is not possible for you to continue using the Services.
1953	0	You can contact us through the customer service channel under [Settings-Feedback and Suggestions] on the left on Tantan, and we will respond to your request within 30 days.
504	1	Imo retains the personal information we receive as described in this Privacy Policy for as long as you use our Services or as necessary to fulfill the purpose(s) for which it was collected, provide our Services, resolve disputes, establish legal defenses, conduct audits, pursue legitimate business purposes, enforce our agreements, and comply with applicable laws.
2786	1	In principle, if the Company collects a Member’s personal data, the personal data is retained from the time of sign up until the cancellation of the Member’s account (including cancellation requested by the Member and cancellation by the Company itself based on its direct authority). When a member terminates his/her account, the Company shall destroy the Member’s personal data so it cannot be viewed or used; provided, however, in circumstances where the personal data is required to achieve the Company’s purposes of collection/use and/or where retaining the personal data is required or permitted by law, the Company may retain the Member’s personal data even after his/her account is terminated. For example, under the relevant Korean laws such as the Commercial Act, Act on Consumer Protection in Electronic Commerce (“E-Commerce Act”), Electronic Financial Transactions Act, Specialized Credit Finance Business Act, Framework Act on National Taxes, Corporate Tax Act, and the Value-Added Tax Act, and the Service’s internal regulations, information that can be used to identify a transacting party (e.g., name, address) and information that can be used to verify the rights and obligations of the transacting party with respect to the transaction may be retained by the Company even if the Member withdraws his/her consent to the use of the Service. Transaction records shall be retained as follows.
1171	0	If you visit our Platform, we will automatically collect certain information from your device. In some countries, including countries in the European Economic Area, this information may be considered as personal information under applicable data protection laws. Specifically this information may include IP addresses, device type, unique device identification numbers, browser type, broad geographic location (e.g. country or city-level location), browsing patterns and details of how you have interacted with our Platform and the goods and services available on it. In addition, we gather statistical information about the Platform and visitors to the Platform including, browser software, operating system, software and hardware attributes, pages viewed, number of sessions and unique visitors. Collecting this information enables us to better understand the visitors who come to our Platform, where they come from, and what content is of interest to them.  We use this information for our internal analytics purposes and to improve the quality and relevance of our Platform. Some of this information may be collected using cookies and similar tracking technology, as explained further under the section E “COOKIES” below.
961	1	As stated above, we do not retain your IP address beyond your VPN session and do not log your online activities.
672	0	If you have previously consented to any direct marketing communication from us or subscribed to our newsletters, you can unsubscribe by clicking on a link available in each communication and newsletter we send you.
2427	0	We welcome feedback about this policy at legal@medium.com.
1864	0	We do not knowingly collect personal information from children under 18 years old (or the minimum age required for the creation of a GOGO LIVE Account absent parental consent in your country), unless permitted to do so by applicable law. Children under 18 years old are not permitted to use our Services. If we become aware that we have unknowingly collected personal information from a child, we will make commercially reasonable efforts to delete such information in our database. If you are a parent or guardian of a child, and you believe your child has provided us with their Personal Information on our Services, please contact us immediately at support@GOGO LIVE.com.
1879	1	We will retain User Provided data for as long as you use the Application and for a reasonable time thereafter. We will retain Automatically Collected information for up to 24 months and thereafter may store it in aggregate. If you’d like us to delete User Provided Data that you have provided via the Application, please contact us at support@gamebeartech.comand we will respond in a reasonable time. Please note that some or all of the User Provided Data may be required in order for the Application to function properly.
740	1	Grounds for retention: E-Commerce Act
2486	0	For more information on the privacy practices and policies of Appodeal, please visit the Appodeal Privacy Policy: https://www.appodeal.com/home/privacy-policy/
687	1	When you register for an Adobe ID account, we process and keep most personal information we have about you for as long as you are an active user of our products, services or apps. When you close your account, we begin deleting certain personal information that we no longer have a business reason to retain, such as your hashed password and your payment account data. However, we typically retain personal information related to our contract and business transactions with you for seven years after your last interaction with us.
2091	1	Alexadra Games will store your personal data for as long as necessary in order to provide you with the App or otherwise fulfil the purposes as described above, unless further storage is required in order to establish, exercise or defend a legal claim or to comply with applicable law, including accounting rules.
1690	0	We collect information from you when you or enter information on our site.
5305	1	We retain your Personal Data as long as needed to provide services or products to you, or as required or permitted by applicable laws, such as tax and accounting laws.
5031	1	Where we process personal information for marketing purposes or with your consent, we process the information until you ask us to stop and for a short period after this (to allow us to implement your requests). We also keep a permanent record of the fact that you have asked us not to send you direct marketing or to process your information so that we can respect your request in future.
2236	0	C. Social Media:Some of our Services permit you to register or log into your account via a social networking platform, including and not limited to Facebook Connect and/or Google +, or permit you to use social media plugins such as the Facebook “Like” or Google “+1” buttons. Choosing to use this functionality and share information on these third party sites is at the sole discretion of the Member.
944	1	We will retain your information for as long as your account is active or as needed to provide you services. If you wish to cancel your account or request that we no longer use your information to provide you services, contact us at support@crazymaplestudio.com. We will retain and use your information as necessary to comply with our legal obligations, resolved disputes, and enforce our agreements.
5048	1	4. Data Retention
1462	0	For registered users of the Sites, some of your information can be viewed and edited through your account, which is protected by a password. We recommend that you do not divulge your password to anyone. Our personnel will never ask you for your password in an unsolicited phone call or in an unsolicited email. If you share a computer with others, you should not choose to save your log-in information (e.g., user ID and password) on that shared computer. Remember to sign out of your account and close your browser window when you have finished your session.
3527	1	We store your information for as long as needed to provide you with our services. We may store information longer, but only in a way that it cannot be tracked back to you. We delete the information as soon as we do not need them for providing our services, unless a longer retention period is required or permitted by applicable legislation.
3326	1	We will store your personal data for as long as it is reasonably necessary for achieving the purposes set forth in this Privacy Policy (including providing the Service to you), which includes (but is not limited to) the period during which you have an account with the App. We will also retain and use your personal data as necessary to comply with our legal obligations, resolve disputes, and enforce our agreements.
774	1	NOVA GEIMS, OOO retains, uses and stores your information as long as you are playing our games or using our Services, and also for the period necessary to fulfil all the purposes described in this Privacy Policy, in compliance with the applicable laws of your country of residence. We want to inform you that a longer retention period could be required to resolve disputes, or answer regulatory or police requests. In such cases, the collected information will be used and stored until the request is closed.
4660	0	In order to preserve the family-friendly reputation of our Apps, we age-gated some of the features in our Apps, so that they are not available for use by children under 13. The age gate is being conducted after the download of some of our Apps for specific territories in order to assure the privacy and protection of younger users of our Apps. The features enabling potential collection and sharing of personally identifiable information, with the exception of persistent identifiers, are disabled for device IDs of users who did not pass the age gate. For user’s safety, it is not possible to change the age later on. We do not store the year of birth of users who have identified themselves as below the age of 13 in our Apps, but only the information that their device ID did not pass the age gate.
4995	0	Gather usage statistics of services
2314	0	Location information, which we collect when you turn on your device’s location feature and use our location-based services. This includes your geographical position information collected via GPS or WIFI, your address information contained in the account information you provide to us, and shared information uploaded by you or others showing your current or previous location. You can turn off the location feature to prevent us from collecting your location information.
1602	0	BY USING THE SERVICE, YOU PROMISE US THAT (I) YOU HAVE READ, UNDERSTAND AND AGREE TO THIS PRIVACY POLICY, AND (II) YOU ARE OVER 16 YEARS OF AGE (OR HAVE HAD YOUR PARENT OR GUARDIAN READ AND AGREE TO THIS PRIVACY POLICY FOR YOU). If you do not agree, or are unable to make this promise, you must not use the Service. In such case, you must (a) delete your account using the functionality found in “Settings” in the App, or contact us and request deletion of your data; (b) cancel any subscriptions using the functionality provided by Apple (if you are using iOS) or Google (if you are using Android); and (c) delete the App from your devices.
4693	0	The app does use third party services that may collect information used to identify you.
4431	1	We generally retain your Information as long as reasonably necessary to provide you the Services or to comply with applicable law. However, even after you deactivate your account, we can retain copies of Information about you and any transactions or Services in which you may have participated for a period of time that is consistent with applicable law, applicable statute of limitations or as we believe is reasonably necessary to comply with applicable law, regulation, legal process, or governmental request, to detect or prevent fraud, to collect fees owed, to resolve disputes, to address problems with our Services, to assist with investigations, to enforce our Terms of Use or other applicable agreements or policies, or to take any other actions consistent with applicable law.
1892	1	7.1. We will retain your personal information for as long as required to perform the purposes for which the data was collected depending on the legal basis for which that data was obtained and/or whether additional legal/regulatory obligations mandate that we retain your personal information during the term that is required and/or permissible under applicable/relevant law.
2886	0	"When you use ""ICBC Mobile Banking"" services, the App will collect, in a way set out below, the information provided by you when using such services or generated due to use of such services, so as to render services to you, optimize our services and ensure your account security:When you register ""ICBC Mobile Banking"" services, we will collect your nickname, account picture and mobile phone number, for the purpose of helping you complete registration, protecting your App account security and rendering relevant services. If you do not provide such information, you possibly cannot use our services normally."
1196	0	To enforce our Terms of Service or other legal rights.
3721	1	Duration of retention: six months
4009	0	We want to inform users of this Service that these third parties have access to your Personal Information. The reason is to perform the tasks assigned to them on our behalf. However, they are obligated not to disclose or use the information for any other purpose.
1637	0	To improve the monetisation via in-app purchases
3130	1	● Marketing. We store information used for marketing purposes indefinitely until you unsubscribe. Once you unsubscribe from marketing communications, we add your contact information to our suppression list to ensure we respect your unsubscribe request.
3539	1	When you delete data, we follow an internal deletion policy to make sure that your data is safely and completely removed from our servers or retained only in anonymized form.
3303	0	User content, including text, images and videos you have uploaded to the site
1626	1	You may request deletion of your account at any time through the Privacy Settings in the Uber app, or via Uber's website (riders and delivery recipients here; drivers and delivery partners here).
2756	1	The Data is kept for the time necessary to provide the service requested by the User, or stated by the purposes outlined in this document, and the User can always request that the Data Controller suspend or remove the data.
4627	0	The User is empowered to request one copy of the personal data undergoing processing free of charge. Any additional copies are provided on a reimbursement basis.
415	1	At the time when we no longer need your personal data to provide you with the Services, we will remove them or they will be made anonymous.
1759	0	To be in control of your personal data, you have the following rights:Accessing / reviewing / updating / correcting your personal data. You may review, edit, or change the personal data that you had previously provided in the App in the settings section of the App.
3036	1	Duration of retention: five years
1989	1	Your personal data are processed for as long as necessary for the processing purposes mentioned above. AVCR will de-identify your personal data when these are no longer necessary for the said purposes, unless:a legitimate intrest of AVCR or a third party to archive your personal data in an identifiable form prevails over your intrest to de-identify;a legal measure, mandatory public authority measure or court order prevents such de-identification.
2816	1	Data Retention
3292	0	How Do We Use Your Personal Data?  We process Personal Data to operate, improve, understand and personalize our Services.  For example, we use Personal Data to:Create and manage user profiles
4389	0	In some cases, the site feature you choose may allow a third party to place cookies or local storage devices on your computer. The third party who places cookies on your device is responsible for how they process their data and Topface recommends that you read their privacy policies. Third parties who place cookies on your device when you use Topface include, and we have included a link to their privacy policies:Twitter, https://twitter.com/privacyFacebook, https://en-gb.facebook.com/policy.phpYouTube, http://www.google.co.uk/intl/en/policies/privacy/VK.COM, https://vk.com/privacyOK.RU, https://ok.ru/privacy
248	0	(1) Technical Information. Certain technical information regarding your device, and your use of the Software and the Service, including the type, name and version of operating system: (i) their interactions with the Software and Service, your configuration and settings of the Software and the Service, version of the Software and Service; (ii) Advertising ID (Identifier for Advertisers used in Android, such as Google advertising ID (GAID)); (iii)Country; (iv)Android ID.
2797	1	We will keep your information for as long as you are a player or customer of DoubleUGames. We may keep your information for longer for research or statistical purposes. If we do, we will make sure your information is anonymized and non-traceable to you as a person. We will also keep it for longer if we cannot delete it for legal or regulatory reasons.
3966	0	If you wish to access, correct, update or request deletion of your personal information, you can do so at any time by contacting us in-game or at:
3124	1	LLC “WebmartGroup” stores the personal data relating to the User for 1 (one) year after closing, termination of the Personal account or uninstalling the application. Upon termination of the mentioned term personal data relating to the User are subject to destruction or depersonalization to ensure anonymity of such information via deletion of the personal identifying information.
1224	1	Aeria Canada Studio Inc. will also retain Usage Data for internal analysis purposes. Usage Data is generally retained for a shorter period of time, except when this data is used to strengthen the security or to improve the functionality of our Service, or we are legally obligated to retain this data for longer time periods.
3523	0	Your use of the Services and this Site is conditioned upon your continued full compliance with these Terms. Any use of the Services in violation of these Terms will be treated as an infringement of LINEKONG HOLDINGS LIMITED’s or its Affiliates’ copyrights in and to the Services. We reserve the right to change or modify the Services, or limit the features or services on this Site at any time, with or without notice to you, without liability.
170	1	We will retain your information for as long as your account is active or as needed to provide you services. We will retain and use your information as necessary to comply with our legal obligations, resolve disputes, and enforce our agreements.
5068	0	Information you give us when you register an account. We use your mobile phone number as your account identifier, and you will need to provide it to create an imo account. You also have the option of providing your first and last name, and a username in your profile;
5158	0	protect against cheating, crime or fraud, or for other security reasons
3950	0	Consultants, lawyers, accountants and other professional service providers.
4404	1	Records relating to contracts, cancellation of service, etc.
1344	1	Your Personal Data collected through our Get in Touch forms will be deleted after 2 years from the date of receipt. Once we have deleted your Personal Data, you will not be able to exercise the right to access, the right to erasure, the right to rectification or the right to data portability.
3551	1	We will keep your Personal Data for as long as reasonably necessary for the purposes described in this Privacy Policy, while we have a legitimate business need to do so, or as required by law (e.g. for tax, legal, accounting or other purposes), whichever is the longer.
4770	0	Facebook ads preferences
976	1	When information is no longer needed, we shall delete it using reasonable measures to protect the information from unauthorized access or use.
3313	0	Specifically, our servers are located in Canada and the USA, and our third party service providers and partners operate around the world. This means that when we collect your personal information we may process it in any of these countries.
3414	1	In exceptional cases, longer storage periods may result from applicable law, e.g. tax regulations or other legal requirements imposed on us, and obligations.
1359	0	Information We Collect Automatically
3190	0	To research and analyze your use of the Service
3690	1	● Web Behavior Data. We retain any information collected via cookies, clear gifts, flash cookies, web page counters and other technical or analytic tools in our system for a certain date and time from expiry of the cookie or the date of collection.
1438	1	We take measures to delete your Personal Information or keep it in a form that does not allow you to be identified when this information is no longer necessary for the purposes for which we process it, unless we are required by law to keep this information for a longer period. When determining the retention period, we take into account various criteria, such as the type of products and services requested by or provided to you, the nature and length of our relationship with you, possible re-enrollment with our products or services, the impact on the services we provide to you if we delete some information from or about you, mandatory retention periods provided by law and the statute of limitations.
617	1	Data Retention Policy, Managing Your Information
5339	0	If you do not accept the changes introduced to the Privacy Policy, regardless of sending an e-mail to us, it will be incumbent upon us to ask you to immediately cease using our Services. We are asking for your understanding and please bear in mind that such resources are needed for the proper functioning of our Services, and that each User is subject to the same rules.
4263	1	Records relating to processing of consumer complaints and dispute resolution
567	0	protect the rights, property, and safety of us, our users, or others.
1867	0	How We May Disclose Your Information to Third Parties
3905	1	In some cases, rather than provide a way to delete data, we store it for a predetermined period of time. For each type of data, we set retention time frames based on the reason for its collection. For example, to ensure that our services display properly on many different types of devices, we may retain browser width and height for up to 12 months.
5468	0	You consent to us using your information in a certain way.
930	1	Irrespective of the above, Lima Sky may still retain some of the data to the extent such retention is necessary to resolve disputes, enforce Lima Sky user agreements, and comply with technical and legal requirements and constraints related to the security, integrity, and operation of Services.
5300	1	Data Retention: We will retain yours or your child’s information (including geo-location data) for as long as your account is active or as needed to provide services. If you wish to cancel your account or request that we no longer use your information to provide you services contact us at cs.cxzh.ltd@gmail.com. We will retain and use your information as necessary to comply with our legal obligations, resolve disputes, and enforce our agreements.
5420	1	Duration of retention: three years
1081	0	"The fact that the Service links to a website or presents a banner ad or other type of advertisement does not mean that ""Mobirix"" endorses or authorizes that third party, nor is it a representation of our affiliation with that third party."
5441	0	As we develop our business, we may buy or sell assets or business offerings. Customers’ information is generally one of the transferred business assets in these types of transactions. We may also share such information with any affiliated entity (e.g. parent company or subsidiary) and may transfer such information in the course of a corporate transaction, such as the sale of our business, a divestiture, merger, consolidation, or asset sale, or in the unlikely event of bankruptcy.
2347	1	Grounds for retention: Protection of Communication Secrets Act
1736	1	Grounds for preservation: E-Commerce Act
2211	1	We will however delete all Personal Information that is no longer necessary after a reasonable period.We will also delete Personal Information upon request.
5092	0	We automatically collect certain non-Personal Information from Users.
3613	0	Websites may require your information when you are browsing. For example when you visit online map or search engine, it may requests your location information. When you are trying to upload attachment to your mailbox, it may request to read your files. Your phone may pop-up as UC Browser requests your permission, but the information was NEVER received by UCWeb but sent to the website you visited directly.
4892	0	The Service allows you to share text messages, photos, screenshots, videos and other communications in the Service with other users, and if you choose to do so. In addition, if you choose to share these items with other Service users, we may not be able to remove them from our servers or make them unavailable to anyone you have shared them with. Sending and sharing text messages, photos, screenshots, videos or other communications in the Service is your decision. By choosing to share that information, you should understand that you may no longer be able to control how that information is used and that it may become publicly available (depending in part on your actions or the actions of others with whom you have shared the information). The Service is not responsible for any use or misuse of information you share.
1983	0	When you play one of our games, DianDian collects and stores certain personal information and non-personal information that you provide directly or through third party sources that is offering our game(s); In addition, your web browser or client software may transmit certain geographic information or information regarding your computer (capabilities, game data processing, etc.) to DianDian. Certain information regarding your game play, such as a timestamp of your last game played and your game progressions, will be collected from you and/or automatically generated based upon your use of our game services.
2119	1	Grounds for retention: E-Commerce Act
1878	1	What about the storage of payment details? The processing and storage of payment details is a matter for the relevant platform and the applicable payment method/processor. Nordeus will not receive, process or store any of your payment details. This is because the payment transactions themselves are completed through the relevant platforms (e.g. Apple’s App Store or Google Play) via the user account you have associated with that platform account. If you make in-game purchases within the Nordeus Services, we are notified by the payment processor once a transaction takes place, but we will not receive any of your actual payment details.
2902	0	The purposes of the information that is processed automatically are:(1) to operate and update the Software and the Services, and provide you with existing and new functionality and features; (2) to improve and customize the Software and the Services; (3) to maintain, test, monitor and improve the quality and operation of the Software
3287	1	If you do not use your account for 24 months, your profile and any data will be deleted. When you request the removal of your profile via an application or website, it immediately becomes unavailable and completely deleted within 30 days.
2376	1	Information we collect may be stored or processed on computers located in any country where we do business.
2572	0	Subject to limitations in applicable law, you are entitled to object to or request the restriction of processing of your Personal Data, and to request access to, rectification, erasure and portability of your own Personal Data.
